{
    "exclude": [
        ".git/**",
        "node_modules/**",
        "bower_components/**"
      ],
    "remove-empty-rulesets": true,
    "always-semicolon": true,
    "color-case": "lower",
    "block-indent": "    ",
    "element-case": "lower",
    "eof-newline": true,
    "leading-zero": true,
    "quotes": "single",
    "sort-order-fallback": "abc",
    "space-before-colon": " ",
    "space-after-colon": " ",
    "space-before-combinator": " ",
    "space-after-combinator": " ",
    "space-between-declarations": "\n",
    "space-before-opening-brace": " ",
    "space-after-opening-brace": "\n",
    "space-after-selector-delimiter": "\n",
    "space-before-selector-delimiter": "",
    "space-before-closing-brace": "\n",
    "strip-spaces": true,
    "tab-size": true,
    "unitless-zero": true,
    "vendor-prefix-align": true,
    "sort-order": "..."
}